{
  "angry": 0.8633765246460673,
  "disgust": 0.9584453563511155,
  "fear": 0.7919337905224244,
  "happy": 0.9581683303611588,
  "neutral": 0.8783860161783092,
  "sad": 0.8354123746257583,
  "surprise": 0.9511293983323464
}