{
  "angry": 0.6920009364364398,
  "disgust": 0.7784538465166737,
  "fear": 0.6337849366265843,
  "happy": 0.7807297216893078,
  "neutral": 0.7120285504390408,
  "sad": 0.700315320924662,
  "surprise": 0.8615076681385049
}