{
  "model_name": "mobilenet_v2_small_20260214_035156",
  "config": {
    "name": "mobilenet_v2_small",
    "model_type": "mobilenet_v2",
    "img_size": 128,
    "batch_size": 64,
    "epochs": 5,
    "lr": 0.0005,
    "weight_decay": 0.01,
    "unfreeze": "layer4",
    "description": "MobileNetV2 for efficiency"
  },
  "training_history": {
    "train_loss": [
      1.8425340934616756,
      1.7897446812571534,
      1.7660823610867116,
      1.7514777512771091,
      1.7499048608386398
    ],
    "train_acc": [
      0.2669197916984558,
      0.29158103466033936,
      0.30279701948165894,
      0.3117140829563141,
      0.3117140829563141
    ],
    "test_loss": [
      1.6252357222868494,
      1.6631601217830039,
      1.672576355382771,
      1.5806458763639122,
      1.5656494993325163
    ],
    "test_acc": [
      0.3878517746925354,
      0.36486485600471497,
      0.3496795892715454,
      0.41153523325920105,
      0.41850098967552185
    ],
    "learning_rates": [
      0.0005,
      0.0004522542485937369,
      0.00032725424859373687,
      0.00017274575140626317,
      4.7745751406263163e-05
    ]
  },
  "evaluation_results": {
    "accuracy": 0.41850097520200613,
    "f1_macro": 0.3596265144473344,
    "best_test_acc": 0.41850098967552185,
    "roc_auc": {
      "angry": 0.6928981029610187,
      "disgust": 0.7947661826252459,
      "fear": 0.6610945688271855,
      "happy": 0.8070167761656362,
      "neutral": 0.734013398024743,
      "sad": 0.7363000487969306,
      "surprise": 0.8736570163908131
    }
  },
  "model_info": {
    "total_params": 2232839,
    "trainable_params": 8967,
    "input_size": 128,
    "num_classes": 7
  },
  "timestamp": "2026-02-14T04:22:26.692073",
  "device": "mps"
}