{
  "model_name": "resnet34_deep_20260214_042917",
  "config": {
    "name": "resnet34_deep",
    "model_type": "resnet34",
    "img_size": 224,
    "batch_size": 24,
    "epochs": 5,
    "lr": 0.0002,
    "weight_decay": 0.01,
    "unfreeze": "layer4",
    "description": "Deeper ResNet34 for better accuracy"
  },
  "training_history": {
    "train_loss": [
      1.6628296922967203,
      1.4997379745143704,
      1.4246717967343947,
      1.3540069782238544,
      1.3020476793652398
    ],
    "train_acc": [
      0.3633355498313904,
      0.4375283122062683,
      0.4664042592048645,
      0.48939356207847595,
      0.5124873518943787
    ],
    "test_loss": [
      1.2815238198145547,
      1.167579531457351,
      1.1462752392433022,
      1.0808993372043783,
      1.0731520335950056
    ],
    "test_acc": [
      0.5150460004806519,
      0.5608804821968079,
      0.576762318611145,
      0.592086911201477,
      0.6016996502876282
    ],
    "learning_rates": [
      0.0002,
      0.00018090169943749476,
      0.00013090169943749474,
      6.909830056250526e-05,
      1.9098300562505263e-05
    ]
  },
  "evaluation_results": {
    "accuracy": 0.601699637782112,
    "f1_macro": 0.5575884544369795,
    "best_test_acc": 0.6016996502876282,
    "roc_auc": {
      "angry": 0.8633765246460673,
      "disgust": 0.9584453563511155,
      "fear": 0.7919337905224244,
      "happy": 0.9581683303611588,
      "neutral": 0.8783860161783092,
      "sad": 0.8354123746257583,
      "surprise": 0.9511293983323464
    }
  },
  "model_info": {
    "total_params": 21288263,
    "trainable_params": 13117959,
    "input_size": 224,
    "num_classes": 7
  },
  "timestamp": "2026-02-14T05:29:54.739827",
  "device": "mps"
}