{
  "model_name": "resnet18_baseline_20260214_032948",
  "config": {
    "name": "resnet18_baseline",
    "model_type": "resnet18",
    "img_size": 224,
    "batch_size": 32,
    "epochs": 5,
    "lr": 0.0003,
    "weight_decay": 0.01,
    "unfreeze": "layer4",
    "description": "Baseline ResNet18 with current hyperparameters"
  },
  "training_history": {
    "train_loss": [
      1.6401888553473953,
      1.4746602716779438,
      1.3911431876962563,
      1.3117492134998183,
      1.2374895339209964
    ],
    "train_acc": [
      0.38204047083854675,
      0.4419519901275635,
      0.4784562289714813,
      0.5054512619972229,
      0.525201141834259
    ],
    "test_loss": [
      1.247034036455529,
      1.2404509128784196,
      1.1803965790752051,
      1.0635446858592073,
      1.056303273368493
    ],
    "test_acc": [
      0.5327389240264893,
      0.5324602723121643,
      0.560741126537323,
      0.6071329116821289,
      0.6142379641532898
    ],
    "learning_rates": [
      0.0003,
      0.0002713525491562421,
      0.0001963525491562421,
      0.00010364745084375788,
      2.8647450843757894e-05
    ]
  },
  "evaluation_results": {
    "accuracy": 0.6142379492894957,
    "f1_macro": 0.5694452350780617,
    "best_test_acc": 0.6142379641532898,
    "roc_auc": {
      "angry": 0.8668976431338065,
      "disgust": 0.9558702610917129,
      "fear": 0.8048599932462626,
      "happy": 0.9616220750089498,
      "neutral": 0.8759240046465403,
      "sad": 0.8412306886045985,
      "surprise": 0.9597391682057167
    }
  },
  "model_info": {
    "total_params": 11180103,
    "trainable_params": 8397319,
    "input_size": 224,
    "num_classes": 7
  },
  "timestamp": "2026-02-14T03:49:00.063507",
  "device": "mps"
}