{
  "angry": 0.8668976431338065,
  "disgust": 0.9558702610917129,
  "fear": 0.8048599932462626,
  "happy": 0.9616220750089498,
  "neutral": 0.8759240046465403,
  "sad": 0.8412306886045985,
  "surprise": 0.9597391682057167
}