{
  "angry": 0.6928981029610187,
  "disgust": 0.7947661826252459,
  "fear": 0.6610945688271855,
  "happy": 0.8070167761656362,
  "neutral": 0.734013398024743,
  "sad": 0.7363000487969306,
  "surprise": 0.8736570163908131
}