{
  "angry": 0.6777979814592298,
  "disgust": 0.7382160708890579,
  "fear": 0.6449328879082711,
  "happy": 0.803764508648235,
  "neutral": 0.7352820563191788,
  "sad": 0.7163279883860871,
  "surprise": 0.8652902145228321
}