{"0": 0.8729620760023898, "1": 0.9680407731914735, "2": 0.8211297403111797, "3": 0.9668000842000205, "4": 0.8861691758120703, "5": 0.8497558868987475, "6": 0.9610712737116581}